{
  "data": {
    "rpm": 926.116747239712,
    "coolant_temp": 72.72596373978821,
    "oil_temp": 77.75454191891151,
    "vehicle_speed": 0.0,
    "throttle_position": 9.500060698716604,
    "engine_load": 7.72882756250811,
    "maf_rate": 0.765008924103999,
    "lambda_voltage": 0.5497474522509899,
    "intake_air_temp": 24.476433350244978,
    "fuel_pressure": 296.68566187532844,
    "battery_voltage": 12.483952136869453,
    "fuel_level": 81.04238413271949,
    "runtime": 1798,
    "timing_advance": 6.472529532294471
  },
  "anomaly_score": 0.0004480669998464526,
  "engine_state": "on",
  "dtcs": []
}